name,compound_class,SMILES,formula,MW
caffeine,methylxanthine,Cn1c(=O)c2c(ncn2C)n(C)c1=O,C8H10N4O2,194.19
theobromine,methylxanthine,Cn1cnc2c1c(=O)[nH]c(=O)n2C,C7H8N4O2,180.17
theophylline,methylxanthine,Cn1c(=O)c2[nH]cnc2n(C)c1=O,C7H8N4O2,180.17
quercetin,flavonol,O=c1c(O)c(-c2ccc(O)c(O)c2)oc2cc(O)cc(O)c12,C15H10O7,302.24
kaempferol,flavonol,O=c1c(O)c(-c2ccc(O)cc2)oc2cc(O)cc(O)c12,C15H10O6,286.24
myricetin,flavonol,O=c1c(O)c(-c2cc(O)c(O)c(O)c2)oc2cc(O)cc(O)c12,C15H10O8,318.24
luteolin,flavone,O=c1cc(-c2ccc(O)c(O)c2)oc2cc(O)cc(O)c12,C15H10O6,286.24
apigenin,flavone,O=c1cc(-c2ccc(O)cc2)oc2cc(O)cc(O)c12,C15H10O5,270.24
naringenin,flavanone,O=C1CC(c2ccc(O)cc2)Oc2cc(O)cc(O)c21,C15H12O5,272.26
hesperetin,flavanone,COc1ccc(C2CC(=O)c3c(O)cc(O)cc3O2)cc1O,C16H14O6,302.28
genistein,isoflavone,O=c1c(-c2ccc(O)cc2)coc2cc(O)cc(O)c12,C15H10O5,270.24
daidzein,isoflavone,O=c1c(-c2ccc(O)cc2)coc2cc(O)ccc12,C15H10O4,254.24
(+)-catechin,flavan-3-ol,Oc1cc(O)c2c(c1)O[C@@H](c1ccc(O)c(O)c1)[C@H](O)C2,C15H14O6,290.27
rutin,flavonol glycoside,C[C@@H]1O[C@@H](OC[C@H]2O[C@@H](Oc3c(-c4ccc(O)c(O)c4)oc4cc(O)cc(O)c4c3=O)[C@H](O)[C@@H](O)[C@@H]2O)[C@H](O)[C@H](O)[C@H]1O,C27H30O16,610.52
resveratrol,stilbene,Oc1ccc(/C=C/c2cc(O)cc(O)c2)cc1,C14H12O3,228.25
curcumin,curcuminoid,COc1cc(/C=C/C(=O)CC(=O)/C=C/c2ccc(O)c(OC)c2)ccc1O,C21H20O6,368.39
gallic acid,phenolic acid,O=C(O)c1cc(O)c(O)c(O)c1,C7H6O5,170.12
caffeic acid,phenolic acid,O=C(O)/C=C/c1ccc(O)c(O)c1,C9H8O4,180.16
ferulic acid,phenolic acid,COc1cc(/C=C/C(=O)O)ccc1O,C10H10O4,194.19
chlorogenic acid,phenolic acid,O=C(/C=C/c1ccc(O)c(O)c1)O[C@@H]1C[C@](O)(C(=O)O)C[C@H](O)[C@H]1O,C16H18O9,354.31
hydroxytyrosol,phenol,OCCc1ccc(O)c(O)c1,C8H10O3,154.16
capsaicin,capsaicinoid,COc1cc(CNC(=O)CCCC/C=C/C(C)C)ccc1O,C18H27NO3,305.42
piperine,alkaloid amide,O=C(/C=C/C=C/c1ccc2c(c1)OCO2)N1CCCCC1,C17H19NO3,285.34
6-gingerol,gingerol,CCCCC[C@@H](O)CC(=O)CCc1ccc(O)c(OC)c1,C17H26O4,294.39
eugenol,phenylpropene,C=CCc1ccc(O)c(OC)c1,C10H12O2,164.20
vanillin,aldehyde,COc1ccc(C=O)cc1O,C8H8O3,152.15
cinnamaldehyde,aldehyde,O=C/C=C/c1ccccc1,C9H8O,132.16
thymol,monoterpenoid,Cc1ccc(C(C)C)c(O)c1,C10H14O,150.22
carvacrol,monoterpenoid,Cc1ccc(C(C)C)cc1O,C10H14O,150.22
limonene,monoterpene,C=C(C)[C@H]1CC=C(C)CC1,C10H16,136.24
menthol,monoterpenoid,CC(C)[C@@H]1CC[C@@H](C)C[C@H]1O,C10H20O,156.27
sulforaphane,isothiocyanate,CS(=O)CCCCN=C=S,C6H11NOS2,177.29
allicin,thiosulfinate,C=CCSS(=O)CC=C,C6H10OS2,162.28
L-ascorbic acid,vitamin,O=C1O[C@H]([C@@H](O)CO)C(O)=C1O,C6H8O6,176.12
nicotinamide,vitamin,NC(=O)c1cccnc1,C6H6N2O,122.13
pyridoxine,vitamin,Cc1ncc(CO)c(CO)c1O,C8H11NO3,169.18
riboflavin,vitamin,Cc1cc2nc3c(=O)[nH]c(=O)nc-3n(C[C@H](O)[C@H](O)[C@H](O)CO)c2cc1C,C17H20N4O6,376.37
alpha-tocopherol,vitamin,Cc1c(C)c2c(c(C)c1O)CC[C@](C)(CCC[C@H](C)CCC[C@H](C)CCCC(C)C)O2,C29H50O2,430.72
beta-carotene,carotenoid,CC1=C(/C=C/C(C)=C/C=C/C(C)=C/C=C/C=C(C)/C=C/C=C(C)/C=C/C2=C(C)CCCC2(C)C)C(C)(C)CCC1,C40H56,536.89
tyramine,biogenic amine,NCCc1ccc(O)cc1,C8H11NO,137.18
serotonin,biogenic amine,NCCc1c[nH]c2ccc(O)cc12,C10H12N2O,176.22
melatonin,indoleamine,COc1ccc2[nH]cc(CCNC(C)=O)c2c1,C13H16N2O2,232.28
L-tryptophan,amino acid,N[C@@H](Cc1c[nH]c2ccccc12)C(=O)O,C11H12N2O2,204.23
L-theanine,amino acid,CCNC(=O)CC[C@H](N)C(=O)O,C7H14N2O3,174.20
GABA,amino acid,NCCCC(=O)O,C4H9NO2,103.12
taurine,sulfonic acid,NCCS(=O)(=O)O,C2H7NO3S,125.15
creatine,guanidine,CN(CC(=O)O)C(=N)N,C4H9N3O2,131.13
betaine,zwitterion,C[N+](C)(C)CC(=O)[O-],C5H11NO2,117.15
L-carnitine,zwitterion,C[N+](C)(C)C[C@H](O)CC(=O)[O-],C7H15NO3,161.20
glycine,amino acid,NCC(=O)O,C2H5NO2,75.07
palmitic acid,fatty acid,CCCCCCCCCCCCCCCC(=O)O,C16H32O2,256.43
oleic acid,fatty acid,CCCCCCCC/C=C\CCCCCCCC(=O)O,C18H34O2,282.47
linoleic acid,fatty acid,CCCCC/C=C\C/C=C\CCCCCCCC(=O)O,C18H32O2,280.45
alpha-linolenic acid,fatty acid,CC/C=C\C/C=C\C/C=C\CCCCCCCC(=O)O,C18H30O2,278.44
butyric acid,fatty acid,CCCC(=O)O,C4H8O2,88.11
D-glucose,monosaccharide,OC[C@H]1OC(O)[C@H](O)[C@@H](O)[C@@H]1O,C6H12O6,180.16
D-fructose,monosaccharide,OCC1(O)OC[C@@H](O)[C@@H](O)[C@@H]1O,C6H12O6,180.16
sucrose,disaccharide,OC[C@H]1O[C@@](CO)(O[C@H]2O[C@H](CO)[C@@H](O)[C@H](O)[C@H]2O)[C@@H](O)[C@@H]1O,C12H22O11,342.30
citric acid,organic acid,O=C(O)CC(O)(CC(=O)O)C(=O)O,C6H8O7,192.12
malic acid,organic acid,O=C(O)C[C@H](O)C(=O)O,C4H6O5,134.09
quinic acid,organic acid,O=C(O)[C@]1(O)C[C@H](O)[C@@H](O)[C@@H](O)C1,C7H12O6,192.17
