rank,compound_name,canonical_smiles,formula,MW,predicted_Kd_nM,pKd_aggregate,pKd_mean,pKd_std,pKd_cnn_cnn_bindingdb,pKd_morgan_cnn_bindingdb,pKd_morgan_aac_bindingdb,pKd_daylight_aac_bindingdb,n_models,aggregation,cnn_smiles_truncated,is_control,target
1,ZM-241385,Nc1nc(NCCc2ccc(O)cc2)nc2nc(-c3ccco3)nn12,C16H15N7O2,337.34,2.0458632817841473,8.689123392105103,8.121643543243408,1.5111248154726755,5.535404205322266,9.256603240966797,9.075448989868164,8.619117736816406,4,agg_mean_max,False,True,MAOA
2,CP-55940,CCCCCCC(C)(C)c1ccc([C@@H]2CCC(O)C[C@H]2CCCO)c(O)c1,C24H40O3,376.58,10.422761040295033,7.98201721906662,7.711626410484314,0.3502027323836733,7.304511070251465,8.252408027648926,7.753067970275879,7.536518573760986,4,agg_mean_max,False,True,MAOA
3,(+)-catechin,Oc1cc(O)c2c(c1)O[C@@H](c1ccc(O)c(O)c1)[C@H](O)C2,C15H14O6,290.27,17.429334069646217,7.758719205856323,7.27295446395874,0.9813276829592438,5.70063591003418,8.244483947753906,7.930761337280273,7.215936660766602,4,agg_mean_max,False,False,MAOA
4,riboflavin,Cc1cc2nc3c(=O)[nH]c(=O)nc-3n(C[C@H](O)[C@H](O)[C@H](O)CO)c2cc1C,C17H20N4O6,376.37,34.074670276938164,7.467568337917328,7.0757797956466675,0.638805259993998,7.859356880187988,7.470125675201416,6.196098804473877,6.777537822723389,4,agg_mean_max,False,False,MAOA
5,beta-carotene,CC1=C(/C=C/C(C)=C/C=C/C(C)=C/C=C/C=C(C)/C=C/C=C(C)/C=C/C2=C(C)CCCC2(C)C)C(C)(C)CCC1,C40H56,536.89,37.62020471596068,7.424578845500946,7.083106875419617,0.672625860067155,6.007124900817871,7.766050815582275,7.046910285949707,7.512341499328613,4,agg_mean_max,False,False,MAOA
6,rimonabant,Cc1c(C(=O)NN2CCCCC2)nn(-c2ccc(Cl)cc2Cl)c1-c1ccc(Cl)cc1,C22H21Cl3N4O,463.8,46.99958758415885,7.32790595293045,6.949482560157776,0.4786516046227056,6.401344299316406,7.706329345703125,6.7417426109313965,6.948513984680176,4,agg_mean_max,False,True,MAOA
7,thymol,Cc1ccc(C(C)C)c(O)c1,C10H14O,150.22,99.00361811545565,7.004348933696747,6.455389857292175,0.7172530973091575,5.894414901733398,7.553308010101318,6.630504131317139,5.743332386016846,4,agg_mean_max,False,False,MAOA
8,delta9-THC,CCCCCc1cc(O)c2c(c1)OC(C)(C)[C@@H]1CCC(C)=C[C@H]21,C21H30O2,314.47,116.14924440457918,6.934983611106873,6.646334409713745,0.36907583497976043,6.663030624389648,7.2236328125,6.4814372062683105,6.2172369956970215,4,agg_mean_max,False,True,MAOA
9,capsaicin,COc1cc(CNC(=O)CCCC/C=C/C(C)C)ccc1O,C18H27NO3,305.42,169.28991198495413,6.77136892080307,6.3728684186935425,0.8054360539648202,5.068965911865234,7.169869422912598,6.882309436798096,6.370328903198242,4,agg_mean_max,False,False,MAOA
10,serotonin,NCCc1c[nH]c2ccc(O)cc12,C10H12N2O,176.22,169.50605778671556,6.770814776420593,6.332641363143921,0.5356123327164677,5.809248924255371,7.208988189697266,6.009006977081299,6.303321361541748,4,agg_mean_max,False,False,MAOA
11,anandamide,CCCCC/C=C\C/C=C\C/C=C\C/C=C\CCCC(=O)NCCO,C22H37NO2,347.54,236.29518321186737,6.6265451312065125,6.3922141790390015,0.3362954876312203,6.860876083374023,6.50969934463501,6.252678394317627,5.945602893829346,4,agg_mean_max,False,True,MAOA
12,6-gingerol,CCCCC[C@@H](O)CC(=O)CCc1ccc(O)c(OC)c1,C17H26O4,294.39,291.6916770824228,6.5350759625434875,6.13018000125885,0.789275644648428,5.111248016357422,6.939971923828125,6.8576340675354,5.611865997314453,4,agg_mean_max,False,False,MAOA
13,resveratrol,Oc1ccc(/C=C/c2cc(O)cc(O)c2)cc1,C14H12O3,228.25,346.2834620074585,6.4605682492256165,6.2149659395217896,0.4489361411381993,6.308868408203125,6.706170558929443,5.4837212562561035,6.361103534698486,4,agg_mean_max,False,False,MAOA
14,limonene,C=C(C)[C@H]1CC=C(C)CC1,C10H16,136.24,359.41700142736465,6.444401383399963,6.068786859512329,0.7399883954867003,6.288045883178711,6.820015907287598,6.3275146484375,4.839570999145508,4,agg_mean_max,False,False,MAOA
15,carvacrol,Cc1ccc(C(C)C)cc1O,C10H14O,150.22,534.6633213120467,6.27191960811615,6.033400774002075,0.41876517293612386,5.435702323913574,6.327578544616699,6.510438442230225,5.859883785247803,4,agg_mean_max,False,False,MAOA
16,hesperetin,COc1ccc(C2CC(=O)c3c(O)cc(O)cc3O2)cc1O,C16H14O6,302.28,649.4708510592939,6.18744033575058,5.740342020988464,0.9734111816369391,6.634538650512695,6.1630377769470215,6.06798791885376,4.095803737640381,4,agg_mean_max,False,False,MAOA
17,istradefylline,CCn1c(=O)c2c(nc(/C=C/c3ccc(OC)c(OC)c3)n2C)n(CC)c1=O,C20H24N4O4,384.44,1170.7969018064318,5.9315184354782104,5.138998746871948,1.1648363109158555,5.754998207092285,3.8004841804504395,4.276474475860596,6.724038124084473,4,agg_mean_max,False,True,MAOA
18,alpha-tocopherol,Cc1c(C)c2c(c(C)c1O)CC[C@](C)(CCC[C@H](C)CCC[C@H](C)CCCC(C)C)O2,C29H50O2,430.72,1188.419824236748,5.9250301122665405,5.790855169296265,0.34056672535822774,6.059205055236816,5.20864725112915,5.904705047607422,5.99086332321167,4,agg_mean_max,False,False,MAOA
19,malic acid,O=C(O)C[C@H](O)C(=O)O,C4H6O5,134.09,1201.699628215283,5.920204073190689,5.227640450000763,1.0469118913217803,3.705279588699341,5.033082962036133,5.559431552886963,6.612767696380615,4,agg_mean_max,False,False,MAOA
20,harmine,COc1ccc2c(c1)[nH]c1c(C)nccc12,C13H12N2O,212.25,1283.6078149784278,5.891567647457123,5.128154158592224,0.9417607422506096,5.15589714050293,4.290292739868164,4.411445617675781,6.6549811363220215,4,agg_mean_max,False,True,MAOA
21,L-theanine,CCNC(=O)CC[C@H](N)C(=O)O,C7H14N2O3,174.2,1358.9651964404557,5.866791665554047,5.425106406211853,0.6511016169366018,4.595434188842773,5.062406063079834,6.30847692489624,5.7341084480285645,4,agg_mean_max,False,False,MAOA
22,phenelzine,NNCCc1ccccc1,C8H12N2,136.2,1456.2583748708819,5.836761564016342,5.015343368053436,1.1943412313653394,3.2903878688812256,6.658179759979248,5.17482852935791,4.937977313995361,4,agg_mean_max,False,True,MAOA
23,alpha-linolenic acid,CC/C=C\C/C=C\C/C=C\CCCCCCCC(=O)O,C18H30O2,278.44,1828.160911187094,5.737985581159592,5.185693204402924,1.0630778782503034,6.186224937438965,3.928673028945923,4.337596893310547,6.29027795791626,4,agg_mean_max,False,False,MAOA
24,vanillin,COc1ccc(C=O)cc1O,C8H8O3,152.15,2187.066953336055,5.660137921571732,5.2467175126075745,0.8405966899941197,3.9939005374908447,6.073558330535889,4.968550205230713,5.950860977172852,4,agg_mean_max,False,False,MAOA
25,piperine,O=C(/C=C/C=C/c1ccc2c(c1)OCO2)N1CCCCC1,C17H19NO3,285.34,2610.1929792642436,5.583327382802963,5.11061018705368,0.9708112392038393,6.056044578552246,3.6553375720977783,4.8050537109375,5.926004886627197,4,agg_mean_max,False,False,MAOA
26,rutin,C[C@@H]1O[C@@H](OC[C@H]2O[C@@H](Oc3c(-c4ccc(O)c(O)c4)oc4cc(O)cc(O)c4c3=O)[C@H](O)[C@@H](O)[C@@H]2O)[C@H](O)[C@H](O)[C@H]1O,C27H30O16,610.52,2868.1416326647577,5.5423994064331055,4.8140974044799805,0.8463401704257466,4.35623836517334,4.182265758514404,4.447184085845947,6.2707014083862305,4,agg_mean_max,True,False,MAOA
27,citric acid,O=C(O)CC(O)(CC(=O)O)C(=O)O,C6H8O7,192.12,2881.3351206500006,5.540406227111816,5.194423675537109,0.7986178181317175,3.841552734375,5.416046619415283,5.633706569671631,5.886388778686523,4,agg_mean_max,False,True,MAOA
28,luteolin,O=c1cc(-c2ccc(O)c(O)c2)oc2cc(O)cc(O)c12,C15H10O6,286.24,2908.3642398370844,5.536351203918457,5.28785514831543,0.35030556820926606,5.784847259521484,5.056139945983887,4.876849174499512,5.433584213256836,4,agg_mean_max,False,False,MAOA
29,linoleic acid,CCCCC/C=C\C/C=C\CCCCCCCC(=O)O,C18H32O2,280.45,2970.558664840852,5.527161866426468,4.794440805912018,1.3482805332496246,6.01445198059082,3.329927444458008,3.573500871658325,6.259882926940918,4,agg_mean_max,False,False,MAOA
30,naringenin,O=C1CC(c2ccc(O)cc2)Oc2cc(O)cc(O)c21,C15H12O5,272.26,3099.0010682262932,5.508778274059296,4.836758017539978,0.8464293123325553,6.180798530578613,4.937556743621826,4.166226863861084,4.062449932098389,4,agg_mean_max,False,False,MAOA
31,pyridoxine,Cc1ncc(CO)c(CO)c1O,C8H11NO3,169.18,3707.5284756213855,5.430915504693985,4.398040592670441,1.2038696501859958,3.9770736694335938,3.578620433807373,3.5726778507232666,6.463790416717529,4,agg_mean_max,False,False,MAOA
32,sulforaphane,CS(=O)CCCCN=C=S,C6H11NOS2,177.29,4085.4013165980023,5.388765275478363,4.568137526512146,0.9486479079325465,3.948652744293213,4.068268299102783,6.20939302444458,4.046236038208008,4,agg_mean_max,False,False,MAOA
33,quercetin,O=c1c(O)c(-c2ccc(O)c(O)c2)oc2cc(O)cc(O)c12,C15H10O7,302.24,4176.147971587531,5.379224121570587,5.26929247379303,0.24394419697327271,5.4891557693481445,5.30449104309082,4.862541198730469,5.4209818840026855,4,agg_mean_max,False,False,MAOA
34,melatonin,COc1ccc2[nH]cc(CCNC(C)=O)c2c1,C13H16N2O2,232.28,4196.173128707614,5.377146601676941,4.863111257553101,0.6146498284728251,4.309662818908691,4.4929280281066895,4.75867223739624,5.891181945800781,4,agg_mean_max,False,False,MAOA
35,moclobemide,O=C(NCCN1CCOCC1)c1ccc(Cl)cc1,C13H17ClN2O2,268.74,4263.833137107251,5.370199799537659,5.187130689620972,0.4379961327172389,4.43917179107666,5.553268909454346,5.400054931640625,5.356027126312256,4,agg_mean_max,False,True,MAOA
36,nicotinamide,NC(=O)c1cccnc1,C6H6N2O,122.13,4661.21890886032,5.3315005004405975,4.5851029753685,0.9612297226724208,3.3957836627960205,6.077898025512695,4.492033958435059,4.374696254730225,4,agg_mean_max,False,False,MAOA
37,myricetin,O=c1c(O)c(-c2cc(O)c(O)c(O)c2)oc2cc(O)cc(O)c12,C15H10O8,318.24,4705.66506024339,5.327378988265991,5.206942081451416,0.20596307572895572,5.015994071960449,5.374275207519531,4.989683151245117,5.447815895080566,4,agg_mean_max,False,False,MAOA
38,kaempferol,O=c1c(O)c(-c2ccc(O)cc2)oc2cc(O)cc(O)c12,C15H10O6,286.24,4904.727449820477,5.309385120868683,5.1943875551223755,0.17353558106486136,5.226571083068848,5.190097332000732,4.936499118804932,5.42438268661499,4,agg_mean_max,False,False,MAOA
39,clorgyline,C#CCN(C)CCCOc1ccc(Cl)cc1Cl,C13H15Cl2NO,272.18,5254.811639672182,5.279442846775055,4.8922635316848755,0.4995759940579357,4.858504295349121,4.770247936248779,4.273679733276367,5.666622161865234,4,agg_mean_max,False,True,MAOA
40,L-carnitine,C[N+](C)(C)C[C@H](O)CC(=O)[O-],C7H15NO3,161.2,6089.404259676152,5.215425193309784,4.635722994804382,0.6801405690505365,4.235569477081299,4.086108684539795,4.42608642578125,5.7951273918151855,4,agg_mean_max,False,False,MAOA
41,apigenin,O=c1cc(-c2ccc(O)cc2)oc2cc(O)cc(O)c12,C15H10O5,270.24,6114.7152534813495,5.213623762130737,5.128416061401367,0.17745734389889692,5.277810096740723,5.076828956604004,4.860193729400635,5.298831462860107,4,agg_mean_max,False,False,MAOA
42,eugenol,C=CCc1ccc(O)c(OC)c1,C10H12O2,164.2,7834.385559289945,5.105995059013367,4.71422553062439,0.6607598703572723,3.679147243499756,5.497764587402344,4.718632221221924,4.961358070373535,4,agg_mean_max,False,False,MAOA
43,genistein,O=c1c(-c2ccc(O)cc2)coc2cc(O)cc(O)c12,C15H10O5,270.24,8144.1520962068835,5.089154124259949,4.779058218002319,0.3616752885285566,5.399250030517578,4.595893859863281,4.491434097290039,4.629654884338379,4,agg_mean_max,False,False,MAOA
44,ferulic acid,COc1cc(/C=C/C(=O)O)ccc1O,C10H10O4,194.19,9733.115895839032,5.011748105287552,4.171351492404938,0.9876293900209505,3.611621856689453,3.3511157035827637,3.870523691177368,5.852144718170166,4,agg_mean_max,False,False,MAOA
45,caffeic acid,O=C(O)/C=C/c1ccc(O)c(O)c1,C9H8O4,180.16,10345.729522543297,4.985238879919052,4.3363067507743835,1.0694408157596198,5.148677825927734,3.2372024059295654,3.3251757621765137,5.634171009063721,4,agg_mean_max,False,False,MAOA
46,theophylline,Cn1c(=O)c2[nH]cnc2n(C)c1=O,C7H8N4O2,180.17,10794.282180814886,4.96680623292923,4.7732192277908325,0.4053083655985997,4.092491149902344,5.160393238067627,4.938944339752197,4.901048183441162,4,agg_mean_max,False,True,MAOA
47,daidzein,O=c1c(-c2ccc(O)cc2)coc2cc(O)ccc12,C15H10O4,254.24,13067.230416979071,4.883816450834274,4.438476979732513,0.5663081484639807,5.329155921936035,4.199306011199951,4.444443225860596,3.7810027599334717,4,agg_mean_max,False,False,MAOA
48,caffeine,Cn1c(=O)c2c(ncn2C)n(C)c1=O,C8H10N4O2,194.19,13676.311474194596,4.86403101682663,4.696741461753845,0.22773700096543817,5.031320571899414,4.565291404724121,4.425466060638428,4.764887809753418,4,agg_mean_max,False,True,MAOA
49,tyramine,NCCc1ccc(O)cc1,C8H11NO,137.18,14048.843865020182,4.852359414100647,4.485307931900024,0.667225946008134,3.4518957138061523,4.380875110626221,4.889050006866455,5.2194108963012695,4,agg_mean_max,False,False,MAOA
50,palmitic acid,CCCCCCCCCCCCCCCC(=O)O,C16H32O2,256.43,14277.360206258512,4.845352083444595,4.2223528027534485,0.8962942052443187,4.675177574157715,3.2929093837738037,3.452972888946533,5.468351364135742,4,agg_mean_max,False,True,MAOA
51,menthol,CC(C)[C@@H]1CC[C@@H](C)C[C@H]1O,C10H20O,156.27,14513.309923686189,4.838233530521393,4.6126309633255005,0.324312542388622,5.063836097717285,4.14778995513916,4.597559452056885,4.641338348388672,4,agg_mean_max,False,False,MAOA
52,cinnamaldehyde,O=C/C=C/c1ccccc1,C9H8O,132.16,14591.92630081035,4.835887372493744,4.507121443748474,0.4206876953198826,4.047723293304443,4.258239269256592,4.557869911193848,5.164653301239014,4,agg_mean_max,False,False,MAOA
53,L-tryptophan,N[C@@H](Cc1c[nH]c2ccccc12)C(=O)O,C11H12N2O2,204.23,15703.266320512657,4.8040100038051605,4.528181254863739,0.3842791722855241,4.469003677368164,4.5661821365356445,3.9977004528045654,5.079838752746582,4,agg_mean_max,False,False,MAOA
54,sucrose,OC[C@H]1O[C@@](CO)(O[C@H]2O[C@H](CO)[C@@H](O)[C@H](O)[C@H]2O)[C@@H](O)[C@@H]1O,C12H22O11,342.3,15948.333453624915,4.797284692525864,4.054372012615204,1.1299668711300155,5.540197372436523,2.969820499420166,2.9474070072174072,4.760063171386719,4,agg_mean_max,False,True,MAOA
55,theobromine,Cn1cnc2c1c(=O)[nH]c(=O)n2C,C7H8N4O2,180.17,16535.366670493007,4.781586170196533,4.6859941482543945,0.11072352253450486,4.611688613891602,4.635796546936035,4.6193132400512695,4.877178192138672,4,agg_mean_max,False,False,MAOA
56,gallic acid,O=C(O)c1cc(O)c(O)c(O)c1,C7H6O5,170.12,17996.288704223607,4.7448170483112335,4.262219965457916,0.6676265912880242,4.501389503479004,3.474493980407715,3.8455822467803955,5.227414131164551,4,agg_mean_max,False,False,MAOA
57,taurine,NCCS(=O)(=O)O,C2H7NO3S,125.15,19324.541969533962,4.713890790939331,3.9706192016601562,0.8828346153837028,3.153243064880371,3.5472066402435303,3.7248647212982178,5.457162380218506,4,agg_mean_max,False,False,MAOA
58,chlorogenic acid,O=C(/C=C/c1ccc(O)c(O)c1)O[C@@H]1C[C@](O)(C(=O)O)C[C@H](O)[C@H]1O,C16H18O9,354.31,22061.311518233124,4.656368672847748,3.767236590385437,1.1390306988536263,5.545500755310059,2.715102195739746,2.831144094467163,3.9771993160247803,4,agg_mean_max,False,False,MAOA
59,allicin,C=CCSS(=O)CC=C,C6H10OS2,162.28,25661.80933508344,4.59071272611618,4.413419604301453,0.2884549529375228,4.622429847717285,4.179516315460205,4.083726406097412,4.768005847930908,4,agg_mean_max,False,False,MAOA
60,glycine,NCC(=O)O,C2H5NO2,75.07,25995.188530937146,4.5851070284843445,4.014560103416443,0.7796533562581625,3.0947232246398926,3.544233798980713,4.26362943649292,5.155653953552246,4,agg_mean_max,False,True,MAOA
61,butyric acid,CCCC(=O)O,C4H8O2,88.11,27954.960061672668,4.553541123867035,4.13177764415741,0.6636325654410907,3.1181697845458984,4.152668476104736,4.280967712402344,4.97530460357666,4,agg_mean_max,False,False,MAOA
62,L-ascorbic acid,O=C1O[C@H]([C@@H](O)CO)C(O)=C1O,C6H8O6,176.12,28612.810746430383,4.543439477682114,4.3029367327690125,0.4644898689063911,4.783942222595215,4.016511917114258,3.6905410289764404,4.720751762390137,4,agg_mean_max,False,True,MAOA
63,GABA,NCCCC(=O)O,C4H9NO2,103.12,31168.492159952388,4.506284207105637,4.03092235326767,0.5988188762505592,3.410546064376831,3.652407169342041,4.079090118408203,4.9816460609436035,4,agg_mean_max,False,False,MAOA
64,betaine,C[N+](C)(C)CC(=O)[O-],C5H11NO2,117.15,36015.19513084864,4.4435142278671265,4.1329591274261475,0.6204595558116269,3.103487014770508,4.7540693283081055,4.263282775878906,4.41099739074707,4,agg_mean_max,False,False,MAOA
65,tranylcypromine,NC1CC1c1ccccc1,C9H11N,133.19,41680.18820064282,4.380070328712463,4.237743139266968,0.26931195281030224,3.8080387115478516,4.22683572769165,4.39370059967041,4.522397518157959,4,agg_mean_max,False,True,MAOA
66,quinic acid,O=C(O)[C@]1(O)C[C@H](O)[C@@H](O)[C@@H](O)C1,C7H12O6,192.17,43907.25458249179,4.357463717460632,4.065038442611694,0.36737251536895205,4.036777973175049,3.641648292541504,3.9318385124206543,4.64988899230957,4,agg_mean_max,False,False,MAOA
67,oleic acid,CCCCCCCC/C=C\CCCCCCCC(=O)O,C18H34O2,282.47,64177.88708932946,4.192614585161209,3.7077398896217346,0.7183210518846579,4.119301795959473,3.0252389907836914,3.008929491043091,4.677489280700684,4,agg_mean_max,False,False,MAOA
68,curcumin,COc1cc(/C=C/C(=O)CC(=O)/C=C/c2ccc(O)c(OC)c2)ccc1O,C21H20O6,368.39,75113.04617439618,4.124284625053406,3.8543570041656494,0.45101805718825927,4.1035356521606445,3.1870322227478027,3.7326478958129883,4.394212245941162,4,agg_mean_max,False,False,MAOA
69,D-fructose,OCC1(O)OC[C@@H](O)[C@@H](O)[C@@H]1O,C6H12O6,180.16,76806.95248200349,4.1145994663238525,3.877927303314209,0.45749025012324696,3.3528783321380615,4.313731670379639,4.351271629333496,3.4938275814056396,4,agg_mean_max,False,False,MAOA
70,creatine,CN(CC(=O)O)C(=N)N,C4H9N3O2,131.13,88970.5036233066,4.050753951072693,3.8395278453826904,0.37516838664980195,3.676405906677246,3.3071813583374023,4.261980056762695,4.112544059753418,4,agg_mean_max,False,False,MAOA
71,hydroxytyrosol,OCCc1ccc(O)c(O)c1,C8H10O3,154.16,93894.36536906533,4.0273604691028595,3.869681417942047,0.3112186271128917,4.176432132720947,3.5722599029541016,3.5449941158294678,4.185039520263672,4,agg_mean_max,False,False,MAOA
72,D-glucose,OC[C@H]1OC(O)[C@H](O)[C@@H](O)[C@@H]1O,C6H12O6,180.16,642612.3476452848,3.1920509338378906,2.890552282333374,0.4786620734254378,3.4935495853424072,2.422987699508667,2.419675827026367,3.2259960174560547,4,agg_mean_max,False,True,MAOA
